--
-- PostgreSQL database dump
--

-- Dumped from database version 14.7 (Ubuntu 14.7-1.pgdg20.04+1)
-- Dumped by pg_dump version 14.7 (Ubuntu 14.7-1.pgdg20.04+1)

SET statement_timeout = 0;
SET lock_timeout = 0;
SET idle_in_transaction_session_timeout = 0;
SET client_encoding = 'UTF8';
SET standard_conforming_strings = on;
SELECT pg_catalog.set_config('search_path', '', false);
SET check_function_bodies = false;
SET xmloption = content;
SET client_min_messages = warning;
SET row_security = off;

SET default_tablespace = '';

SET default_table_access_method = heap;

--
-- Name: auth_group; Type: TABLE; Schema: public; Owner: thomas
--

CREATE TABLE public.auth_group (
    id integer NOT NULL,
    name character varying(150) NOT NULL
);


ALTER TABLE public.auth_group OWNER TO thomas;

--
-- Name: auth_group_id_seq; Type: SEQUENCE; Schema: public; Owner: thomas
--

ALTER TABLE public.auth_group ALTER COLUMN id ADD GENERATED BY DEFAULT AS IDENTITY (
    SEQUENCE NAME public.auth_group_id_seq
    START WITH 1
    INCREMENT BY 1
    NO MINVALUE
    NO MAXVALUE
    CACHE 1
);


--
-- Name: auth_group_permissions; Type: TABLE; Schema: public; Owner: thomas
--

CREATE TABLE public.auth_group_permissions (
    id bigint NOT NULL,
    group_id integer NOT NULL,
    permission_id integer NOT NULL
);


ALTER TABLE public.auth_group_permissions OWNER TO thomas;

--
-- Name: auth_group_permissions_id_seq; Type: SEQUENCE; Schema: public; Owner: thomas
--

ALTER TABLE public.auth_group_permissions ALTER COLUMN id ADD GENERATED BY DEFAULT AS IDENTITY (
    SEQUENCE NAME public.auth_group_permissions_id_seq
    START WITH 1
    INCREMENT BY 1
    NO MINVALUE
    NO MAXVALUE
    CACHE 1
);


--
-- Name: auth_permission; Type: TABLE; Schema: public; Owner: thomas
--

CREATE TABLE public.auth_permission (
    id integer NOT NULL,
    name character varying(255) NOT NULL,
    content_type_id integer NOT NULL,
    codename character varying(100) NOT NULL
);


ALTER TABLE public.auth_permission OWNER TO thomas;

--
-- Name: auth_permission_id_seq; Type: SEQUENCE; Schema: public; Owner: thomas
--

ALTER TABLE public.auth_permission ALTER COLUMN id ADD GENERATED BY DEFAULT AS IDENTITY (
    SEQUENCE NAME public.auth_permission_id_seq
    START WITH 1
    INCREMENT BY 1
    NO MINVALUE
    NO MAXVALUE
    CACHE 1
);


--
-- Name: auth_user; Type: TABLE; Schema: public; Owner: thomas
--

CREATE TABLE public.auth_user (
    id integer NOT NULL,
    password character varying(128) NOT NULL,
    last_login timestamp with time zone,
    is_superuser boolean NOT NULL,
    username character varying(150) NOT NULL,
    first_name character varying(150) NOT NULL,
    last_name character varying(150) NOT NULL,
    email character varying(254) NOT NULL,
    is_staff boolean NOT NULL,
    is_active boolean NOT NULL,
    date_joined timestamp with time zone NOT NULL
);


ALTER TABLE public.auth_user OWNER TO thomas;

--
-- Name: auth_user_groups; Type: TABLE; Schema: public; Owner: thomas
--

CREATE TABLE public.auth_user_groups (
    id bigint NOT NULL,
    user_id integer NOT NULL,
    group_id integer NOT NULL
);


ALTER TABLE public.auth_user_groups OWNER TO thomas;

--
-- Name: auth_user_groups_id_seq; Type: SEQUENCE; Schema: public; Owner: thomas
--

ALTER TABLE public.auth_user_groups ALTER COLUMN id ADD GENERATED BY DEFAULT AS IDENTITY (
    SEQUENCE NAME public.auth_user_groups_id_seq
    START WITH 1
    INCREMENT BY 1
    NO MINVALUE
    NO MAXVALUE
    CACHE 1
);


--
-- Name: auth_user_id_seq; Type: SEQUENCE; Schema: public; Owner: thomas
--

ALTER TABLE public.auth_user ALTER COLUMN id ADD GENERATED BY DEFAULT AS IDENTITY (
    SEQUENCE NAME public.auth_user_id_seq
    START WITH 1
    INCREMENT BY 1
    NO MINVALUE
    NO MAXVALUE
    CACHE 1
);


--
-- Name: auth_user_user_permissions; Type: TABLE; Schema: public; Owner: thomas
--

CREATE TABLE public.auth_user_user_permissions (
    id bigint NOT NULL,
    user_id integer NOT NULL,
    permission_id integer NOT NULL
);


ALTER TABLE public.auth_user_user_permissions OWNER TO thomas;

--
-- Name: auth_user_user_permissions_id_seq; Type: SEQUENCE; Schema: public; Owner: thomas
--

ALTER TABLE public.auth_user_user_permissions ALTER COLUMN id ADD GENERATED BY DEFAULT AS IDENTITY (
    SEQUENCE NAME public.auth_user_user_permissions_id_seq
    START WITH 1
    INCREMENT BY 1
    NO MINVALUE
    NO MAXVALUE
    CACHE 1
);


--
-- Name: django_admin_log; Type: TABLE; Schema: public; Owner: thomas
--

CREATE TABLE public.django_admin_log (
    id integer NOT NULL,
    action_time timestamp with time zone NOT NULL,
    object_id text,
    object_repr character varying(200) NOT NULL,
    action_flag smallint NOT NULL,
    change_message text NOT NULL,
    content_type_id integer,
    user_id integer NOT NULL,
    CONSTRAINT django_admin_log_action_flag_check CHECK ((action_flag >= 0))
);


ALTER TABLE public.django_admin_log OWNER TO thomas;

--
-- Name: django_admin_log_id_seq; Type: SEQUENCE; Schema: public; Owner: thomas
--

ALTER TABLE public.django_admin_log ALTER COLUMN id ADD GENERATED BY DEFAULT AS IDENTITY (
    SEQUENCE NAME public.django_admin_log_id_seq
    START WITH 1
    INCREMENT BY 1
    NO MINVALUE
    NO MAXVALUE
    CACHE 1
);


--
-- Name: django_content_type; Type: TABLE; Schema: public; Owner: thomas
--

CREATE TABLE public.django_content_type (
    id integer NOT NULL,
    app_label character varying(100) NOT NULL,
    model character varying(100) NOT NULL
);


ALTER TABLE public.django_content_type OWNER TO thomas;

--
-- Name: django_content_type_id_seq; Type: SEQUENCE; Schema: public; Owner: thomas
--

ALTER TABLE public.django_content_type ALTER COLUMN id ADD GENERATED BY DEFAULT AS IDENTITY (
    SEQUENCE NAME public.django_content_type_id_seq
    START WITH 1
    INCREMENT BY 1
    NO MINVALUE
    NO MAXVALUE
    CACHE 1
);


--
-- Name: django_migrations; Type: TABLE; Schema: public; Owner: thomas
--

CREATE TABLE public.django_migrations (
    id bigint NOT NULL,
    app character varying(255) NOT NULL,
    name character varying(255) NOT NULL,
    applied timestamp with time zone NOT NULL
);


ALTER TABLE public.django_migrations OWNER TO thomas;

--
-- Name: django_migrations_id_seq; Type: SEQUENCE; Schema: public; Owner: thomas
--

ALTER TABLE public.django_migrations ALTER COLUMN id ADD GENERATED BY DEFAULT AS IDENTITY (
    SEQUENCE NAME public.django_migrations_id_seq
    START WITH 1
    INCREMENT BY 1
    NO MINVALUE
    NO MAXVALUE
    CACHE 1
);


--
-- Name: django_session; Type: TABLE; Schema: public; Owner: thomas
--

CREATE TABLE public.django_session (
    session_key character varying(40) NOT NULL,
    session_data text NOT NULL,
    expire_date timestamp with time zone NOT NULL
);


ALTER TABLE public.django_session OWNER TO thomas;

--
-- Name: sequences_body; Type: TABLE; Schema: public; Owner: thomas
--

CREATE TABLE public.sequences_body (
    id bigint NOT NULL,
    file_id1 character varying(50) NOT NULL,
    chrom character varying(4) NOT NULL,
    pos integer NOT NULL,
    id1 character varying(30) NOT NULL,
    ref character varying(200) NOT NULL,
    alt character varying(200) NOT NULL,
    qual character varying(100) NOT NULL,
    filter character varying(100) NOT NULL,
    info character varying(255) NOT NULL,
    file_description_id character varying(100) NOT NULL
);


ALTER TABLE public.sequences_body OWNER TO thomas;

--
-- Name: sequences_body_id_seq; Type: SEQUENCE; Schema: public; Owner: thomas
--

ALTER TABLE public.sequences_body ALTER COLUMN id ADD GENERATED BY DEFAULT AS IDENTITY (
    SEQUENCE NAME public.sequences_body_id_seq
    START WITH 1
    INCREMENT BY 1
    NO MINVALUE
    NO MAXVALUE
    CACHE 1
);


--
-- Name: sequences_file_description; Type: TABLE; Schema: public; Owner: thomas
--

CREATE TABLE public.sequences_file_description (
    file_id character varying(100) NOT NULL,
    file_format character varying(50) NOT NULL,
    file_data character varying(20) NOT NULL,
    source character varying(255) NOT NULL,
    reference character varying(255) NOT NULL,
    contig character varying(255) NOT NULL,
    phasing character varying(40) NOT NULL
);


ALTER TABLE public.sequences_file_description OWNER TO thomas;

--
-- Name: sequences_patient; Type: TABLE; Schema: public; Owner: thomas
--

CREATE TABLE public.sequences_patient (
    person_id character varying(100) NOT NULL,
    age integer NOT NULL,
    gender character varying(1) NOT NULL
);


ALTER TABLE public.sequences_patient OWNER TO thomas;

--
-- Name: sequences_phenotype; Type: TABLE; Schema: public; Owner: postgres
--

CREATE TABLE public.sequences_phenotype (
    id integer NOT NULL,
    phenotype_description character varying(255),
    person_id_id character varying(100)
);


ALTER TABLE public.sequences_phenotype OWNER TO postgres;

--
-- Name: sequences_phenotype_id_seq; Type: SEQUENCE; Schema: public; Owner: postgres
--

CREATE SEQUENCE public.sequences_phenotype_id_seq
    AS integer
    START WITH 1
    INCREMENT BY 1
    NO MINVALUE
    NO MAXVALUE
    CACHE 1;


ALTER TABLE public.sequences_phenotype_id_seq OWNER TO postgres;

--
-- Name: sequences_phenotype_id_seq; Type: SEQUENCE OWNED BY; Schema: public; Owner: postgres
--

ALTER SEQUENCE public.sequences_phenotype_id_seq OWNED BY public.sequences_phenotype.id;


--
-- Name: sequences_sample_info; Type: TABLE; Schema: public; Owner: thomas
--

CREATE TABLE public.sequences_sample_info (
    id bigint NOT NULL,
    file_id1 character varying(50) NOT NULL,
    format_gt character varying(5) NOT NULL,
    format_gq character varying(5) NOT NULL,
    all_other character varying(100) NOT NULL,
    body_id_id bigint NOT NULL
);


ALTER TABLE public.sequences_sample_info OWNER TO thomas;

--
-- Name: sequences_sample_info_id_seq; Type: SEQUENCE; Schema: public; Owner: thomas
--

ALTER TABLE public.sequences_sample_info ALTER COLUMN id ADD GENERATED BY DEFAULT AS IDENTITY (
    SEQUENCE NAME public.sequences_sample_info_id_seq
    START WITH 1
    INCREMENT BY 1
    NO MINVALUE
    NO MAXVALUE
    CACHE 1
);


--
-- Name: sequences_phenotype id; Type: DEFAULT; Schema: public; Owner: postgres
--

ALTER TABLE ONLY public.sequences_phenotype ALTER COLUMN id SET DEFAULT nextval('public.sequences_phenotype_id_seq'::regclass);


--
-- Data for Name: auth_group; Type: TABLE DATA; Schema: public; Owner: thomas
--

COPY public.auth_group (id, name) FROM stdin;
\.


--
-- Data for Name: auth_group_permissions; Type: TABLE DATA; Schema: public; Owner: thomas
--

COPY public.auth_group_permissions (id, group_id, permission_id) FROM stdin;
\.


--
-- Data for Name: auth_permission; Type: TABLE DATA; Schema: public; Owner: thomas
--

COPY public.auth_permission (id, name, content_type_id, codename) FROM stdin;
1	Can add log entry	1	add_logentry
2	Can change log entry	1	change_logentry
3	Can delete log entry	1	delete_logentry
4	Can view log entry	1	view_logentry
5	Can add permission	2	add_permission
6	Can change permission	2	change_permission
7	Can delete permission	2	delete_permission
8	Can view permission	2	view_permission
9	Can add group	3	add_group
10	Can change group	3	change_group
11	Can delete group	3	delete_group
12	Can view group	3	view_group
13	Can add user	4	add_user
14	Can change user	4	change_user
15	Can delete user	4	delete_user
16	Can view user	4	view_user
17	Can add content type	5	add_contenttype
18	Can change content type	5	change_contenttype
19	Can delete content type	5	delete_contenttype
20	Can view content type	5	view_contenttype
21	Can add session	6	add_session
22	Can change session	6	change_session
23	Can delete session	6	delete_session
24	Can view session	6	view_session
25	Can add file_description	7	add_file_description
26	Can change file_description	7	change_file_description
27	Can delete file_description	7	delete_file_description
28	Can view file_description	7	view_file_description
29	Can add sample_info	8	add_sample_info
30	Can change sample_info	8	change_sample_info
31	Can delete sample_info	8	delete_sample_info
32	Can view sample_info	8	view_sample_info
33	Can add body	9	add_body
34	Can change body	9	change_body
35	Can delete body	9	delete_body
36	Can view body	9	view_body
37	Can add patient	10	add_patient
38	Can change patient	10	change_patient
39	Can delete patient	10	delete_patient
40	Can view patient	10	view_patient
41	Can add phenotype	11	add_phenotype
42	Can change phenotype	11	change_phenotype
43	Can delete phenotype	11	delete_phenotype
44	Can view phenotype	11	view_phenotype
\.


--
-- Data for Name: auth_user; Type: TABLE DATA; Schema: public; Owner: thomas
--

COPY public.auth_user (id, password, last_login, is_superuser, username, first_name, last_name, email, is_staff, is_active, date_joined) FROM stdin;
1	pbkdf2_sha256$390000$3DsIq5ZmTaixYip7J9LPju$Ia+aq5JjLxZn7X7mgjcQNK9i3fJWfCy09RpOAi8tdXY=	2023-02-24 10:13:16.92335+01	t	thomas			thomas.verardo1@gmail.com	t	t	2023-02-23 16:59:34.740096+01
2	pbkdf2_sha256$390000$alXllTpHHIYkZBuPKeJqjj$IPQTUlCeGhybkljfwjzn0q4+PHFMWyDbaf8+xTVHTx4=	2023-02-24 10:13:32.19946+01	f	anna	Anna	Pederzani	annaaaaaa@email.com	f	t	2023-02-23 17:02:02+01
\.


--
-- Data for Name: auth_user_groups; Type: TABLE DATA; Schema: public; Owner: thomas
--

COPY public.auth_user_groups (id, user_id, group_id) FROM stdin;
\.


--
-- Data for Name: auth_user_user_permissions; Type: TABLE DATA; Schema: public; Owner: thomas
--

COPY public.auth_user_user_permissions (id, user_id, permission_id) FROM stdin;
\.


--
-- Data for Name: django_admin_log; Type: TABLE DATA; Schema: public; Owner: thomas
--

COPY public.django_admin_log (id, action_time, object_id, object_repr, action_flag, change_message, content_type_id, user_id) FROM stdin;
1	2023-02-23 17:02:02.790188+01	2	anna	1	[{"added": {}}]	4	1
2	2023-02-23 17:02:41.606419+01	2	anna	2	[{"changed": {"fields": ["First name", "Last name", "Email address"]}}]	4	1
\.


--
-- Data for Name: django_content_type; Type: TABLE DATA; Schema: public; Owner: thomas
--

COPY public.django_content_type (id, app_label, model) FROM stdin;
1	admin	logentry
2	auth	permission
3	auth	group
4	auth	user
5	contenttypes	contenttype
6	sessions	session
7	sequences	file_description
8	sequences	sample_info
9	sequences	body
10	sequences	patient
11	sequences	phenotype
\.


--
-- Data for Name: django_migrations; Type: TABLE DATA; Schema: public; Owner: thomas
--

COPY public.django_migrations (id, app, name, applied) FROM stdin;
1	contenttypes	0001_initial	2023-02-08 12:25:55.730074+01
2	auth	0001_initial	2023-02-08 12:25:55.869293+01
3	admin	0001_initial	2023-02-08 12:25:55.90438+01
4	admin	0002_logentry_remove_auto_add	2023-02-08 12:25:55.915871+01
5	admin	0003_logentry_add_action_flag_choices	2023-02-08 12:25:55.925429+01
6	contenttypes	0002_remove_content_type_name	2023-02-08 12:25:55.943773+01
7	auth	0002_alter_permission_name_max_length	2023-02-08 12:25:55.956863+01
8	auth	0003_alter_user_email_max_length	2023-02-08 12:25:55.96771+01
9	auth	0004_alter_user_username_opts	2023-02-08 12:25:55.976344+01
10	auth	0005_alter_user_last_login_null	2023-02-08 12:25:55.985309+01
11	auth	0006_require_contenttypes_0002	2023-02-08 12:25:55.988257+01
12	auth	0007_alter_validators_add_error_messages	2023-02-08 12:25:55.996463+01
13	auth	0008_alter_user_username_max_length	2023-02-08 12:25:56.01112+01
14	auth	0009_alter_user_last_name_max_length	2023-02-08 12:25:56.022524+01
15	auth	0010_alter_group_name_max_length	2023-02-08 12:25:56.032947+01
16	auth	0011_update_proxy_permissions	2023-02-08 12:25:56.04142+01
17	auth	0012_alter_user_first_name_max_length	2023-02-08 12:25:56.053058+01
18	sequences	0001_initial	2023-02-08 12:25:56.116552+01
19	sessions	0001_initial	2023-02-08 12:25:56.141671+01
20	sequences	0002_patient	2023-02-10 16:24:34.86787+01
21	sequences	0003_alter_patient_gender	2023-02-10 16:50:58.963007+01
22	sequences	0004_rename_file_description_body_file_description_and_more	2023-02-10 17:06:24.273834+01
23	sequences	0005_remove_sample_info_file_description_and_more	2023-02-23 11:34:35.561842+01
24	sequences	0006_remove_patient_format_other	2023-02-23 11:43:38.977732+01
25	sequences	0007_phenotype	2023-02-23 11:50:56.175109+01
26	sequences	0002_alter_patient_person_id	2023-02-23 16:36:17.991832+01
\.


--
-- Data for Name: django_session; Type: TABLE DATA; Schema: public; Owner: thomas
--

COPY public.django_session (session_key, session_data, expire_date) FROM stdin;
\.


--
-- Data for Name: sequences_body; Type: TABLE DATA; Schema: public; Owner: thomas
--

COPY public.sequences_body (id, file_id1, chrom, pos, id1, ref, alt, qual, filter, info, file_description_id) FROM stdin;
105	AnonymousUser_2023-02-23 10:36:57.646230	20	14370	['rs6054257']	G	[Substitution(type_='SNV', value='A')]	29	['PASS']	{'NS': 3, 'DP': 14, 'AF': [0.5], 'DB': True, 'H2': True}	AnonymousUser_2023-02-23 10:36:57.646230
106	AnonymousUser_2023-02-23 10:36:57.646230	20	17330	[]	T	[Substitution(type_='SNV', value='A')]	3	['q10']	{'NS': 3, 'DP': 11, 'AF': [0.017]}	AnonymousUser_2023-02-23 10:36:57.646230
107	AnonymousUser_2023-02-23 10:36:57.646230	20	1110696	['rs6040355']	A	[Substitution(type_='SNV', value='G'), Substitution(type_='SNV', value='T')]	67	['PASS']	{'NS': 2, 'DP': 10, 'AF': [0.333, 0.667], 'AA': 'T', 'DB': True}	AnonymousUser_2023-02-23 10:36:57.646230
108	AnonymousUser_2023-02-23 10:36:57.646230	20	1230237	[]	T	[]	47	['PASS']	{'NS': 3, 'DP': 13, 'AA': 'T'}	AnonymousUser_2023-02-23 10:36:57.646230
109	AnonymousUser_2023-02-23 10:36:57.646230	20	1234567	['microsat1']	GTC	[Substitution(type_='DEL', value='G'), Substitution(type_='INDEL', value='GTCT')]	50	['PASS']	{'NS': 3, 'DP': 9, 'AA': 'G', 'H2': True}	AnonymousUser_2023-02-23 10:36:57.646230
110	AnonymousUser_2023-02-23 10:36:57.646230	20	1234000	[]	G	[Substitution(type_='SNV', value='*')]	47	['PASS']	{'NS': 3, 'DP': 13, 'AA': 'T'}	AnonymousUser_2023-02-23 10:36:57.646230
\.


--
-- Data for Name: sequences_file_description; Type: TABLE DATA; Schema: public; Owner: thomas
--

COPY public.sequences_file_description (file_id, file_format, file_data, source, reference, contig, phasing) FROM stdin;
AnonymousUser_2023-02-23 10:36:57.646230	VCFv4.2	20090805	myImputationProgramV3.1	file:///seq/references/1000GenomesPilot-NCBI36.fasta	<ID=20,length=62435964,assembly=B36,md5=f126cdf8a6e0c7f379d618ff66beb2da,species="Homo sapiens",taxonomy=x>	partial
\.


--
-- Data for Name: sequences_patient; Type: TABLE DATA; Schema: public; Owner: thomas
--

COPY public.sequences_patient (person_id, age, gender) FROM stdin;
NA00001	100	F
APVB09041999Burlo	23	F
\.


--
-- Data for Name: sequences_phenotype; Type: TABLE DATA; Schema: public; Owner: postgres
--

COPY public.sequences_phenotype (id, phenotype_description, person_id_id) FROM stdin;
2	bianca	APVB09041999Burlo
\.


--
-- Data for Name: sequences_sample_info; Type: TABLE DATA; Schema: public; Owner: thomas
--

COPY public.sequences_sample_info (id, file_id1, format_gt, format_gq, all_other, body_id_id) FROM stdin;
271	AnonymousUser_2023-02-23 10:36:57.646230	0|0	48	[51, 51]	105
272	AnonymousUser_2023-02-23 10:36:57.646230	1|0	48	[51, 51]	105
273	AnonymousUser_2023-02-23 10:36:57.646230	1/1	43	[None, None]	105
274	AnonymousUser_2023-02-23 10:36:57.646230	0|0	49	[58, 50]	106
275	AnonymousUser_2023-02-23 10:36:57.646230	0|1	3	[65, 3]	106
276	AnonymousUser_2023-02-23 10:36:57.646230	0/0	41	3	106
277	AnonymousUser_2023-02-23 10:36:57.646230	1|2	21	[23, 27]	107
278	AnonymousUser_2023-02-23 10:36:57.646230	2|1	2	[18, 2]	107
279	AnonymousUser_2023-02-23 10:36:57.646230	2/2	35	4	107
280	AnonymousUser_2023-02-23 10:36:57.646230	0|0	54	[56, 60]	108
281	AnonymousUser_2023-02-23 10:36:57.646230	0|0	48	[51, 51]	108
282	AnonymousUser_2023-02-23 10:36:57.646230	0/0	61	2	108
283	AnonymousUser_2023-02-23 10:36:57.646230	0/1	35	4	109
284	AnonymousUser_2023-02-23 10:36:57.646230	0/2	17	2	109
285	AnonymousUser_2023-02-23 10:36:57.646230	1/1	40	3	109
286	AnonymousUser_2023-02-23 10:36:57.646230	0|1	0	[0, 0]	110
287	AnonymousUser_2023-02-23 10:36:57.646230	.|.	0	[0, 0]	110
288	AnonymousUser_2023-02-23 10:36:57.646230	0/0	0	0	110
\.


--
-- Name: auth_group_id_seq; Type: SEQUENCE SET; Schema: public; Owner: thomas
--

SELECT pg_catalog.setval('public.auth_group_id_seq', 1, false);


--
-- Name: auth_group_permissions_id_seq; Type: SEQUENCE SET; Schema: public; Owner: thomas
--

SELECT pg_catalog.setval('public.auth_group_permissions_id_seq', 1, false);


--
-- Name: auth_permission_id_seq; Type: SEQUENCE SET; Schema: public; Owner: thomas
--

SELECT pg_catalog.setval('public.auth_permission_id_seq', 44, true);


--
-- Name: auth_user_groups_id_seq; Type: SEQUENCE SET; Schema: public; Owner: thomas
--

SELECT pg_catalog.setval('public.auth_user_groups_id_seq', 1, false);


--
-- Name: auth_user_id_seq; Type: SEQUENCE SET; Schema: public; Owner: thomas
--

SELECT pg_catalog.setval('public.auth_user_id_seq', 2, true);


--
-- Name: auth_user_user_permissions_id_seq; Type: SEQUENCE SET; Schema: public; Owner: thomas
--

SELECT pg_catalog.setval('public.auth_user_user_permissions_id_seq', 1, false);


--
-- Name: django_admin_log_id_seq; Type: SEQUENCE SET; Schema: public; Owner: thomas
--

SELECT pg_catalog.setval('public.django_admin_log_id_seq', 2, true);


--
-- Name: django_content_type_id_seq; Type: SEQUENCE SET; Schema: public; Owner: thomas
--

SELECT pg_catalog.setval('public.django_content_type_id_seq', 11, true);


--
-- Name: django_migrations_id_seq; Type: SEQUENCE SET; Schema: public; Owner: thomas
--

SELECT pg_catalog.setval('public.django_migrations_id_seq', 26, true);


--
-- Name: sequences_body_id_seq; Type: SEQUENCE SET; Schema: public; Owner: thomas
--

SELECT pg_catalog.setval('public.sequences_body_id_seq', 110, true);


--
-- Name: sequences_phenotype_id_seq; Type: SEQUENCE SET; Schema: public; Owner: postgres
--

SELECT pg_catalog.setval('public.sequences_phenotype_id_seq', 2, true);


--
-- Name: sequences_sample_info_id_seq; Type: SEQUENCE SET; Schema: public; Owner: thomas
--

SELECT pg_catalog.setval('public.sequences_sample_info_id_seq', 288, true);


--
-- Name: auth_group auth_group_name_key; Type: CONSTRAINT; Schema: public; Owner: thomas
--

ALTER TABLE ONLY public.auth_group
    ADD CONSTRAINT auth_group_name_key UNIQUE (name);


--
-- Name: auth_group_permissions auth_group_permissions_group_id_permission_id_0cd325b0_uniq; Type: CONSTRAINT; Schema: public; Owner: thomas
--

ALTER TABLE ONLY public.auth_group_permissions
    ADD CONSTRAINT auth_group_permissions_group_id_permission_id_0cd325b0_uniq UNIQUE (group_id, permission_id);


--
-- Name: auth_group_permissions auth_group_permissions_pkey; Type: CONSTRAINT; Schema: public; Owner: thomas
--

ALTER TABLE ONLY public.auth_group_permissions
    ADD CONSTRAINT auth_group_permissions_pkey PRIMARY KEY (id);


--
-- Name: auth_group auth_group_pkey; Type: CONSTRAINT; Schema: public; Owner: thomas
--

ALTER TABLE ONLY public.auth_group
    ADD CONSTRAINT auth_group_pkey PRIMARY KEY (id);


--
-- Name: auth_permission auth_permission_content_type_id_codename_01ab375a_uniq; Type: CONSTRAINT; Schema: public; Owner: thomas
--

ALTER TABLE ONLY public.auth_permission
    ADD CONSTRAINT auth_permission_content_type_id_codename_01ab375a_uniq UNIQUE (content_type_id, codename);


--
-- Name: auth_permission auth_permission_pkey; Type: CONSTRAINT; Schema: public; Owner: thomas
--

ALTER TABLE ONLY public.auth_permission
    ADD CONSTRAINT auth_permission_pkey PRIMARY KEY (id);


--
-- Name: auth_user_groups auth_user_groups_pkey; Type: CONSTRAINT; Schema: public; Owner: thomas
--

ALTER TABLE ONLY public.auth_user_groups
    ADD CONSTRAINT auth_user_groups_pkey PRIMARY KEY (id);


--
-- Name: auth_user_groups auth_user_groups_user_id_group_id_94350c0c_uniq; Type: CONSTRAINT; Schema: public; Owner: thomas
--

ALTER TABLE ONLY public.auth_user_groups
    ADD CONSTRAINT auth_user_groups_user_id_group_id_94350c0c_uniq UNIQUE (user_id, group_id);


--
-- Name: auth_user auth_user_pkey; Type: CONSTRAINT; Schema: public; Owner: thomas
--

ALTER TABLE ONLY public.auth_user
    ADD CONSTRAINT auth_user_pkey PRIMARY KEY (id);


--
-- Name: auth_user_user_permissions auth_user_user_permissions_pkey; Type: CONSTRAINT; Schema: public; Owner: thomas
--

ALTER TABLE ONLY public.auth_user_user_permissions
    ADD CONSTRAINT auth_user_user_permissions_pkey PRIMARY KEY (id);


--
-- Name: auth_user_user_permissions auth_user_user_permissions_user_id_permission_id_14a6b632_uniq; Type: CONSTRAINT; Schema: public; Owner: thomas
--

ALTER TABLE ONLY public.auth_user_user_permissions
    ADD CONSTRAINT auth_user_user_permissions_user_id_permission_id_14a6b632_uniq UNIQUE (user_id, permission_id);


--
-- Name: auth_user auth_user_username_key; Type: CONSTRAINT; Schema: public; Owner: thomas
--

ALTER TABLE ONLY public.auth_user
    ADD CONSTRAINT auth_user_username_key UNIQUE (username);


--
-- Name: django_admin_log django_admin_log_pkey; Type: CONSTRAINT; Schema: public; Owner: thomas
--

ALTER TABLE ONLY public.django_admin_log
    ADD CONSTRAINT django_admin_log_pkey PRIMARY KEY (id);


--
-- Name: django_content_type django_content_type_app_label_model_76bd3d3b_uniq; Type: CONSTRAINT; Schema: public; Owner: thomas
--

ALTER TABLE ONLY public.django_content_type
    ADD CONSTRAINT django_content_type_app_label_model_76bd3d3b_uniq UNIQUE (app_label, model);


--
-- Name: django_content_type django_content_type_pkey; Type: CONSTRAINT; Schema: public; Owner: thomas
--

ALTER TABLE ONLY public.django_content_type
    ADD CONSTRAINT django_content_type_pkey PRIMARY KEY (id);


--
-- Name: django_migrations django_migrations_pkey; Type: CONSTRAINT; Schema: public; Owner: thomas
--

ALTER TABLE ONLY public.django_migrations
    ADD CONSTRAINT django_migrations_pkey PRIMARY KEY (id);


--
-- Name: django_session django_session_pkey; Type: CONSTRAINT; Schema: public; Owner: thomas
--

ALTER TABLE ONLY public.django_session
    ADD CONSTRAINT django_session_pkey PRIMARY KEY (session_key);


--
-- Name: sequences_body sequences_body_pkey; Type: CONSTRAINT; Schema: public; Owner: thomas
--

ALTER TABLE ONLY public.sequences_body
    ADD CONSTRAINT sequences_body_pkey PRIMARY KEY (id);


--
-- Name: sequences_file_description sequences_file_description_pkey; Type: CONSTRAINT; Schema: public; Owner: thomas
--

ALTER TABLE ONLY public.sequences_file_description
    ADD CONSTRAINT sequences_file_description_pkey PRIMARY KEY (file_id);


--
-- Name: sequences_patient sequences_patient_pkey; Type: CONSTRAINT; Schema: public; Owner: thomas
--

ALTER TABLE ONLY public.sequences_patient
    ADD CONSTRAINT sequences_patient_pkey PRIMARY KEY (person_id);


--
-- Name: sequences_phenotype sequences_phenotype_pkey; Type: CONSTRAINT; Schema: public; Owner: postgres
--

ALTER TABLE ONLY public.sequences_phenotype
    ADD CONSTRAINT sequences_phenotype_pkey PRIMARY KEY (id);


--
-- Name: sequences_sample_info sequences_sample_info_pkey; Type: CONSTRAINT; Schema: public; Owner: thomas
--

ALTER TABLE ONLY public.sequences_sample_info
    ADD CONSTRAINT sequences_sample_info_pkey PRIMARY KEY (id);


--
-- Name: auth_group_name_a6ea08ec_like; Type: INDEX; Schema: public; Owner: thomas
--

CREATE INDEX auth_group_name_a6ea08ec_like ON public.auth_group USING btree (name varchar_pattern_ops);


--
-- Name: auth_group_permissions_group_id_b120cbf9; Type: INDEX; Schema: public; Owner: thomas
--

CREATE INDEX auth_group_permissions_group_id_b120cbf9 ON public.auth_group_permissions USING btree (group_id);


--
-- Name: auth_group_permissions_permission_id_84c5c92e; Type: INDEX; Schema: public; Owner: thomas
--

CREATE INDEX auth_group_permissions_permission_id_84c5c92e ON public.auth_group_permissions USING btree (permission_id);


--
-- Name: auth_permission_content_type_id_2f476e4b; Type: INDEX; Schema: public; Owner: thomas
--

CREATE INDEX auth_permission_content_type_id_2f476e4b ON public.auth_permission USING btree (content_type_id);


--
-- Name: auth_user_groups_group_id_97559544; Type: INDEX; Schema: public; Owner: thomas
--

CREATE INDEX auth_user_groups_group_id_97559544 ON public.auth_user_groups USING btree (group_id);


--
-- Name: auth_user_groups_user_id_6a12ed8b; Type: INDEX; Schema: public; Owner: thomas
--

CREATE INDEX auth_user_groups_user_id_6a12ed8b ON public.auth_user_groups USING btree (user_id);


--
-- Name: auth_user_user_permissions_permission_id_1fbb5f2c; Type: INDEX; Schema: public; Owner: thomas
--

CREATE INDEX auth_user_user_permissions_permission_id_1fbb5f2c ON public.auth_user_user_permissions USING btree (permission_id);


--
-- Name: auth_user_user_permissions_user_id_a95ead1b; Type: INDEX; Schema: public; Owner: thomas
--

CREATE INDEX auth_user_user_permissions_user_id_a95ead1b ON public.auth_user_user_permissions USING btree (user_id);


--
-- Name: auth_user_username_6821ab7c_like; Type: INDEX; Schema: public; Owner: thomas
--

CREATE INDEX auth_user_username_6821ab7c_like ON public.auth_user USING btree (username varchar_pattern_ops);


--
-- Name: django_admin_log_content_type_id_c4bce8eb; Type: INDEX; Schema: public; Owner: thomas
--

CREATE INDEX django_admin_log_content_type_id_c4bce8eb ON public.django_admin_log USING btree (content_type_id);


--
-- Name: django_admin_log_user_id_c564eba6; Type: INDEX; Schema: public; Owner: thomas
--

CREATE INDEX django_admin_log_user_id_c564eba6 ON public.django_admin_log USING btree (user_id);


--
-- Name: django_session_expire_date_a5c62663; Type: INDEX; Schema: public; Owner: thomas
--

CREATE INDEX django_session_expire_date_a5c62663 ON public.django_session USING btree (expire_date);


--
-- Name: django_session_session_key_c0390e0f_like; Type: INDEX; Schema: public; Owner: thomas
--

CREATE INDEX django_session_session_key_c0390e0f_like ON public.django_session USING btree (session_key varchar_pattern_ops);


--
-- Name: sequences_body_File_description_id_e289764f; Type: INDEX; Schema: public; Owner: thomas
--

CREATE INDEX "sequences_body_File_description_id_e289764f" ON public.sequences_body USING btree (file_description_id);


--
-- Name: sequences_body_File_description_id_e289764f_like; Type: INDEX; Schema: public; Owner: thomas
--

CREATE INDEX "sequences_body_File_description_id_e289764f_like" ON public.sequences_body USING btree (file_description_id varchar_pattern_ops);


--
-- Name: sequences_file_description_file_id_2d48efc6_like; Type: INDEX; Schema: public; Owner: thomas
--

CREATE INDEX sequences_file_description_file_id_2d48efc6_like ON public.sequences_file_description USING btree (file_id varchar_pattern_ops);


--
-- Name: sequences_patient_person_id_cb22b1b4_like; Type: INDEX; Schema: public; Owner: thomas
--

CREATE INDEX sequences_patient_person_id_cb22b1b4_like ON public.sequences_patient USING btree (person_id varchar_pattern_ops);


--
-- Name: sequences_sample_info_body_id_id_45c4ef5e; Type: INDEX; Schema: public; Owner: thomas
--

CREATE INDEX sequences_sample_info_body_id_id_45c4ef5e ON public.sequences_sample_info USING btree (body_id_id);


--
-- Name: auth_group_permissions auth_group_permissio_permission_id_84c5c92e_fk_auth_perm; Type: FK CONSTRAINT; Schema: public; Owner: thomas
--

ALTER TABLE ONLY public.auth_group_permissions
    ADD CONSTRAINT auth_group_permissio_permission_id_84c5c92e_fk_auth_perm FOREIGN KEY (permission_id) REFERENCES public.auth_permission(id) DEFERRABLE INITIALLY DEFERRED;


--
-- Name: auth_group_permissions auth_group_permissions_group_id_b120cbf9_fk_auth_group_id; Type: FK CONSTRAINT; Schema: public; Owner: thomas
--

ALTER TABLE ONLY public.auth_group_permissions
    ADD CONSTRAINT auth_group_permissions_group_id_b120cbf9_fk_auth_group_id FOREIGN KEY (group_id) REFERENCES public.auth_group(id) DEFERRABLE INITIALLY DEFERRED;


--
-- Name: auth_permission auth_permission_content_type_id_2f476e4b_fk_django_co; Type: FK CONSTRAINT; Schema: public; Owner: thomas
--

ALTER TABLE ONLY public.auth_permission
    ADD CONSTRAINT auth_permission_content_type_id_2f476e4b_fk_django_co FOREIGN KEY (content_type_id) REFERENCES public.django_content_type(id) DEFERRABLE INITIALLY DEFERRED;


--
-- Name: auth_user_groups auth_user_groups_group_id_97559544_fk_auth_group_id; Type: FK CONSTRAINT; Schema: public; Owner: thomas
--

ALTER TABLE ONLY public.auth_user_groups
    ADD CONSTRAINT auth_user_groups_group_id_97559544_fk_auth_group_id FOREIGN KEY (group_id) REFERENCES public.auth_group(id) DEFERRABLE INITIALLY DEFERRED;


--
-- Name: auth_user_groups auth_user_groups_user_id_6a12ed8b_fk_auth_user_id; Type: FK CONSTRAINT; Schema: public; Owner: thomas
--

ALTER TABLE ONLY public.auth_user_groups
    ADD CONSTRAINT auth_user_groups_user_id_6a12ed8b_fk_auth_user_id FOREIGN KEY (user_id) REFERENCES public.auth_user(id) DEFERRABLE INITIALLY DEFERRED;


--
-- Name: auth_user_user_permissions auth_user_user_permi_permission_id_1fbb5f2c_fk_auth_perm; Type: FK CONSTRAINT; Schema: public; Owner: thomas
--

ALTER TABLE ONLY public.auth_user_user_permissions
    ADD CONSTRAINT auth_user_user_permi_permission_id_1fbb5f2c_fk_auth_perm FOREIGN KEY (permission_id) REFERENCES public.auth_permission(id) DEFERRABLE INITIALLY DEFERRED;


--
-- Name: auth_user_user_permissions auth_user_user_permissions_user_id_a95ead1b_fk_auth_user_id; Type: FK CONSTRAINT; Schema: public; Owner: thomas
--

ALTER TABLE ONLY public.auth_user_user_permissions
    ADD CONSTRAINT auth_user_user_permissions_user_id_a95ead1b_fk_auth_user_id FOREIGN KEY (user_id) REFERENCES public.auth_user(id) DEFERRABLE INITIALLY DEFERRED;


--
-- Name: django_admin_log django_admin_log_content_type_id_c4bce8eb_fk_django_co; Type: FK CONSTRAINT; Schema: public; Owner: thomas
--

ALTER TABLE ONLY public.django_admin_log
    ADD CONSTRAINT django_admin_log_content_type_id_c4bce8eb_fk_django_co FOREIGN KEY (content_type_id) REFERENCES public.django_content_type(id) DEFERRABLE INITIALLY DEFERRED;


--
-- Name: django_admin_log django_admin_log_user_id_c564eba6_fk_auth_user_id; Type: FK CONSTRAINT; Schema: public; Owner: thomas
--

ALTER TABLE ONLY public.django_admin_log
    ADD CONSTRAINT django_admin_log_user_id_c564eba6_fk_auth_user_id FOREIGN KEY (user_id) REFERENCES public.auth_user(id) DEFERRABLE INITIALLY DEFERRED;


--
-- Name: sequences_body sequences_body_file_description_id_67bc9f43_fk_sequences; Type: FK CONSTRAINT; Schema: public; Owner: thomas
--

ALTER TABLE ONLY public.sequences_body
    ADD CONSTRAINT sequences_body_file_description_id_67bc9f43_fk_sequences FOREIGN KEY (file_description_id) REFERENCES public.sequences_file_description(file_id) DEFERRABLE INITIALLY DEFERRED;


--
-- Name: sequences_phenotype sequences_phenotype_person_id_id_859284d5_fk; Type: FK CONSTRAINT; Schema: public; Owner: postgres
--

ALTER TABLE ONLY public.sequences_phenotype
    ADD CONSTRAINT sequences_phenotype_person_id_id_859284d5_fk FOREIGN KEY (person_id_id) REFERENCES public.sequences_patient(person_id) DEFERRABLE INITIALLY DEFERRED;


--
-- Name: sequences_sample_info sequences_sample_info_body_id_id_45c4ef5e_fk_sequences_body_id; Type: FK CONSTRAINT; Schema: public; Owner: thomas
--

ALTER TABLE ONLY public.sequences_sample_info
    ADD CONSTRAINT sequences_sample_info_body_id_id_45c4ef5e_fk_sequences_body_id FOREIGN KEY (body_id_id) REFERENCES public.sequences_body(id) DEFERRABLE INITIALLY DEFERRED;


--
-- PostgreSQL database dump complete
--

